Index,Predicted Age
0,85.611786
1,72.188
2,74.62749
3,49.61132
4,77.494354
5,27.57478
6,78.1647
7,25.667213
8,52.866035
9,81.21199
10,76.16184
11,66.83552
12,70.09079
13,22.971235
14,46.177967
15,25.882345
16,57.88809
17,45.80739
18,75.853935
19,25.14486
20,27.341372
21,49.535423
22,31.534565
23,79.50774
24,44.02849
25,62.010387
26,39.38691
27,30.690289
28,84.39725
29,37.444107
30,51.815205
31,76.67678
32,64.033615
33,46.74938
34,77.43642
35,73.48374
36,85.71212
37,62.268826
38,70.80405
39,52.007465
40,70.16494
41,22.591806
42,78.94693
43,50.25858
44,23.3939
45,46.511215
46,36.664482
47,76.438896
48,30.716322
49,81.60833
50,47.922134
51,20.939238
52,22.541546
53,80.298546
54,42.471725
55,23.86438
56,55.676712
57,85.60307
58,78.86415
59,80.18566
60,82.98771
61,50.974976
62,23.17549
63,72.32273
64,39.911076
65,23.333925
66,47.873055
67,46.581676
68,28.002018
69,37.915787
70,38.272476
71,56.74949
72,36.300983
73,45.72068
74,85.46409
75,58.380856
76,27.269695
77,59.098904
78,34.158558
79,39.663067
80,28.330814
81,18.913404
82,24.290058
83,74.08143
84,60.0339
85,77.32639
86,73.81017
87,52.13592
88,40.559536
89,75.509186
90,45.94502
91,59.30342
92,81.98356
93,74.062164
94,88.34995
95,65.190445
96,39.501488
97,22.498219
98,48.839474
99,66.59872
100,26.211964
101,79.92117
102,48.834164
103,47.25189
104,85.175385
105,80.0069
106,58.302944
107,38.781
108,75.26804
109,65.30997
110,39.15579
111,54.92278
112,21.033318
113,24.733442
114,46.709843
115,59.177467
116,40.426334
117,36.878475
118,42.239628
119,42.413837
120,81.07479
121,61.700546
122,72.73211
123,31.927088
124,38.033585
125,48.713535
126,32.36186
127,77.32768
128,49.74015
129,45.921154
130,75.37885
131,74.52299
132,31.469368
133,61.856014
134,56.538307
135,65.61725
136,75.391136
137,81.90215
138,35.352848
139,46.067467
140,79.16631
141,54.139027
142,81.72447
143,64.527885
144,78.25173
145,82.83544
146,33.96254
147,81.91137
148,49.021248
149,24.300385
150,45.615967
151,58.52782
152,63.68775
153,59.9259
154,59.614735
155,79.14798
156,48.48438
157,72.67842
158,86.06117
159,57.099644
160,80.02288
161,21.368155
162,41.265533
163,26.431217
164,80.27699
165,47.23058
166,84.9771
167,71.70998
168,82.39626
169,35.024208
170,81.38857
171,80.78836
172,76.48597
173,71.43255
174,76.33393
175,34.38267
176,26.626463
177,71.18834
178,41.82892
179,28.351234
180,78.18945
181,66.282585
182,76.92191
183,80.06507
184,64.38899
185,48.170757
186,39.767124
187,32.98044
188,81.035164
189,77.58622
190,40.84744
191,34.6191
192,85.45568
193,75.32085
194,62.43839
195,48.8774
196,32.222233
197,48.699444
198,86.42115
199,66.1824
200,76.699715
201,30.867197
202,82.852165
203,71.80104
204,70.75602
205,58.6922
206,60.830956
207,73.768364
208,79.95906
209,43.357838
210,32.828957
211,27.029436
212,57.385735
213,36.06194
214,76.80328
215,68.967255
216,41.263443
217,27.288633
218,36.88141
219,40.69452
220,64.91502
221,26.147987
222,81.33188
223,31.255678
224,23.657555
225,57.526665
226,28.808702
227,75.77817
228,87.55857
229,30.428463
230,77.39562
231,33.44388
232,73.02319
233,59.83155
234,48.08022
235,44.95071
236,75.765526
237,29.278225
238,77.04855
239,63.097443
240,36.01341
241,78.49285
242,65.32309
243,81.84948
244,66.58063
245,62.120373
246,58.48166
247,23.25004
248,76.51565
249,51.359463
250,27.55482
251,62.78504
252,85.160126
253,64.76199
254,30.946775
255,46.792717
256,54.589764
257,83.83786
258,46.95418
259,61.58891
260,86.59828
261,50.0529
262,33.251083
263,67.22878
264,57.753498
265,48.384254
266,48.129715
267,85.812775
268,40.465656
269,67.549545
270,30.523079
271,60.705177
272,25.132053
273,24.977476
274,39.715134
275,78.44944
276,82.46307
277,53.90236
278,66.930336
279,79.99877
280,22.406065
281,48.273323
282,81.90725
283,20.071613
284,63.840694
285,38.326286
286,82.7413
287,50.942307
288,81.32427
289,65.509544
290,81.786934
291,39.982967
292,80.0768
293,44.93825
294,69.896194
295,22.760967
296,83.18543
297,80.04299
298,48.580105
299,55.61181
300,80.14014
301,26.953455
302,24.909594
303,24.307518
304,57.18901
305,83.49833
306,84.92359
307,34.171818
308,35.673416
309,65.611465
310,38.83091
311,41.230312
312,70.08732
313,44.84548
314,49.57222
315,23.810429
316,75.17732
317,61.444588
318,69.5575
319,43.945614
320,52.36502
321,42.801407
322,31.012472
323,84.05658
324,62.97554
325,80.308914
326,87.54775
327,25.08121
328,59.68004
329,57.006664
330,34.711433
331,85.68928
332,80.58366
333,23.056936
334,81.34116
335,76.31562
336,74.2674
337,44.90263
338,21.865131
339,54.30182
340,26.982065
341,81.064606
342,48.010044
343,29.783922
344,82.25604
345,71.168884
346,48.351967
347,68.30176
348,54.833134
349,20.9308
350,80.468414
351,33.2989
352,80.346275
353,46.74684
354,75.37664
355,41.664394
356,43.606125
357,48.449337
358,26.858664
359,26.904161
360,58.153755
361,22.899658
362,26.36466
363,23.458076
364,31.056475
365,26.75666
366,77.763885
367,64.75135
368,43.579716
369,55.26031
370,44.18056
371,35.280437
372,28.739088
373,51.723663
374,81.3613
375,81.96458
376,67.60583
377,27.711271
378,54.48577
379,41.34002
380,39.726883
381,31.101507
382,56.07853
383,49.969524
384,41.38722
385,83.209885
386,22.953207
387,79.748604
388,79.208755
389,32.05561
390,33.49807
391,79.2495
392,66.108604
393,55.418938
394,68.201904
395,28.314
396,69.67264
397,32.904686
398,31.764425
399,49.337
400,33.535545
401,80.93596
402,43.65735
403,33.9527
404,78.961914
405,79.53735
406,41.920547
407,22.906105
408,25.637302
409,28.149183
410,54.618298
411,79.277084
412,74.48705
413,49.444294
414,52.29512
415,55.193787
416,47.69053
417,46.3273
418,60.531372
419,41.6654
420,42.197624
421,56.089054
422,82.89162
423,23.507769
424,55.163467
425,52.229538
426,83.67508
427,46.304848
428,25.86962
429,43.60908
430,55.769764
431,65.01283
432,22.328798
433,23.260313
434,24.796228
435,52.848907
436,21.182951
437,21.927116
438,85.166115
439,32.711285
440,25.190496
441,31.801502
442,36.7741
443,82.73159
444,39.179253
445,84.58704
446,28.635685
447,46.481358
448,38.235897
449,40.487442
450,43.610695
451,40.182205
452,24.010769
453,30.00687
454,80.29155
455,52.96385
456,43.712826
457,23.218742
458,19.997103
459,61.798428
460,79.95599
461,78.9029
462,72.07989
463,21.248285
464,19.432268
465,77.8804
466,35.296803
467,36.630676
468,64.36378
469,66.12769
470,50.355404
471,40.02479
472,29.922302
473,84.65245
474,72.542305
475,46.66294
476,86.97047
477,58.981804
478,21.46155
479,40.476925
480,55.974426
481,60.49309
482,24.338041
483,43.22536
484,79.41198
485,79.20185
486,55.378784
487,76.39993
488,71.220985
489,19.496567
490,63.70911
491,32.237545
492,86.58398
493,61.622395
494,79.308815
495,34.01499
496,60.13846
497,22.67813
498,60.95131
499,71.60031
500,65.56693
501,23.223602
502,22.884113
503,21.792439
504,75.09851
505,60.289593
506,57.041134
507,30.480358
508,82.778755
509,73.97709
510,34.389263
511,75.35657
512,24.082134
513,85.27134
514,78.27818
515,37.802338
516,62.57509
517,43.450172
518,43.00979
519,29.431288
520,63.342808
521,36.79345
522,83.69783
523,31.269686
524,32.897648
525,83.192955
526,39.485954
527,80.81305
528,68.32115
529,46.95186
530,74.965836
531,42.702175
532,82.44869
533,48.024414
534,39.50299
535,73.674644
536,65.22476
537,76.25238
538,50.567604
539,21.37362
540,76.77735
541,51.1388
542,54.204556
543,49.567577
544,79.09097
545,50.109135
546,39.114815
547,72.75314
548,62.6697
549,68.24207
550,66.30008
551,59.557323
552,60.73588
553,22.094208
554,40.85079
555,69.78986
556,74.81507
557,36.704964
558,85.909355
559,26.807804
560,47.87333
561,74.12618
562,80.64201
563,57.58565
564,47.34577
565,37.43236
566,64.92836
567,76.06118
568,66.02092
569,82.961464
570,80.16317
571,51.027985
572,26.670557
573,38.710293
574,70.38669
575,43.389824
576,69.99724
577,64.46026
578,81.11037
579,50.30393
580,56.268024
581,41.333572
582,79.28389
583,78.42897
584,74.90942
585,57.33087
586,81.92318
587,26.69315
588,53.96826
589,62.22462
590,20.310677
591,52.246777
592,57.034554
593,60.918255
594,75.708435
595,34.635624
596,63.770008
597,71.35318
598,28.388332
599,31.781164
600,53.68838
601,63.962826
602,83.977615
603,58.257473
604,54.529736
605,77.72397
606,60.66769
607,71.62462
608,65.21625
609,54.93341
610,34.546406
611,83.80152
612,44.0077
613,70.15327
614,69.252235
615,35.362827
616,83.462494
617,74.70208
618,64.41422
619,22.16426
620,38.258892
621,25.037184
622,65.03286
623,36.960735
624,61.085896
625,63.552235
626,26.375578
627,81.03249
628,68.64603
629,35.696873
630,75.2268
631,32.087048
632,70.978676
633,31.827255
634,41.510338
635,59.87798
636,71.741844
637,31.37158
638,49.45759
639,65.67071
640,49.564674
641,78.2846
642,74.34432
643,42.189327
644,27.212236
645,38.210365
646,24.021511
647,53.41331
648,74.0002
649,49.76133
650,53.215298
651,60.3884
652,85.01743
653,42.565487
654,73.20049
655,50.89861
656,33.72671
657,72.12155
658,61.62765
659,59.643726
660,67.77516
661,70.63562
662,76.1177
663,50.445095
664,53.46572
665,83.90847
666,79.68822
667,78.98455
668,29.931837
669,32.872494
670,31.958782
671,81.963905
672,35.707485
673,53.4379
674,60.87882
675,49.478878
676,65.72102
677,60.542942
678,82.87782
679,77.36735
680,39.65786
681,38.675854
682,24.547853
683,57.038578
684,56.62184
685,85.57226
686,68.98787
687,23.493145
688,52.26438
689,82.44937
690,76.16782
691,73.44199
692,24.426193
693,73.4161
694,78.09
695,40.323013
696,23.445473
697,78.37067
698,78.48461
699,42.805428
700,47.760582
701,41.466267
702,51.350647
703,29.920639
704,78.17479
705,84.722
706,69.484024
707,22.072414
708,27.790382
709,45.12375
710,26.441008
711,23.96152
712,34.13986
713,64.71819
714,82.08138
715,59.129486
716,70.412476
717,51.854794
718,68.19421
719,66.820984
720,75.737076
721,76.228386
722,83.533066
723,65.48008
724,87.05653
725,26.067354
726,34.93883
727,84.47991
728,78.86098
729,74.89071
730,57.0807
731,29.39347
732,31.143974
733,63.278038
734,47.106888
735,48.964664
736,87.73372
737,44.950542
738,78.244736
739,48.544643
740,57.35301
741,64.12012
742,54.820442
743,46.474476
744,55.135193
745,25.388655
746,58.025455
747,45.83565
748,32.774914
749,33.773697
750,29.854483
751,47.480774
752,60.915012
753,64.66743
754,89.43549
755,84.71672
756,28.090263
757,40.88137
758,50.793934
759,77.912056
760,21.587587
761,80.84586
762,23.103045
763,22.479696
764,31.346209
765,62.266384
766,25.349266
767,47.865585
768,31.122232
769,81.08365
770,33.5132
771,86.67276
772,50.171787
773,29.1063
774,28.309196
775,69.652565
776,48.885048
777,56.502823
778,39.44795
779,25.579947
780,79.70901
781,62.55171
782,57.776134
783,35.0312
784,49.280296
785,75.49878
786,87.44696
787,87.41443
788,22.450855
789,35.17267
790,42.092052
791,61.62292
792,79.18851
793,62.1944
794,38.73393
795,75.97668
796,37.781612
797,53.213314
798,58.333393
799,23.898619
800,39.517006
801,54.025414
802,29.52043
803,46.466805
804,41.968903
805,74.81717
806,56.8179
807,35.516197
808,47.929676
809,41.25192
810,27.782892
811,26.900038
812,28.355623
813,50.949745
814,51.663673
815,27.814808
816,71.06425
817,26.219334
818,75.824905
819,59.107887
820,24.163872
821,43.62446
822,33.046314
823,67.023705
824,82.93041
825,43.228756
826,53.3159
827,25.67288
828,74.68814
829,37.77787
830,78.980484
831,59.92981
832,48.408527
833,76.60794
834,26.546745
835,61.71008
836,49.71373
837,41.453007
838,22.843836
839,19.455805
840,30.151648
841,38.72306
842,29.1242
843,41.56306
844,29.926477
845,76.63134
846,86.784904
847,52.64992
848,41.258026
849,83.217995
850,60.009388
851,75.633965
852,66.2894
853,27.373852
854,42.775265
855,24.382702
856,65.235016
857,62.48591
858,49.054363
859,30.554787
860,78.01979
861,74.985466
862,45.089455
863,45.789566
864,86.75466
865,63.31969
866,22.981527
867,31.511538
868,56.935207
869,73.67358
870,32.46213
871,79.16591
872,51.11874
873,78.28064
874,79.35235
875,84.4479
876,50.316624
877,83.585526
878,39.131268
879,39.133347
880,73.475136
881,77.89015
882,24.206408
883,76.67385
884,79.02319
885,37.52109
886,52.850266
887,42.9453
888,36.085217
889,21.799438
890,45.91746
891,84.2691
892,66.2822
893,83.146126
894,74.573265
895,29.419033
896,50.114506
897,54.16676
898,52.21386
899,54.86463
900,83.467705
901,63.875885
902,76.55272
903,29.20873
904,62.719692
905,40.340862
906,80.734665
907,71.57651
908,70.33505
909,68.159386
910,76.10831
911,55.270706
912,77.45926
913,37.781593
914,36.69226
915,44.695232
916,72.360916
917,50.309982
918,34.120884
919,38.662525
920,79.09044
921,24.290665
922,82.387856
923,37.296196
924,23.545599
925,83.52494
926,56.99861
927,28.704794
928,83.46619
929,50.96913
930,52.313396
931,35.68492
932,39.49113
933,28.28277
934,38.52021
935,30.686972
936,82.429535
937,76.97094
938,27.597105
939,69.62002
940,27.95235
941,41.998642
942,22.502508
943,34.667686
944,69.11273
945,24.52708
946,37.753708
947,69.71349
948,66.65726
949,55.04742
950,41.79132
951,84.45922
952,73.09977
953,82.15971
954,68.4802
955,37.454132
956,21.57253
957,80.083176
958,43.73674
959,42.796658
960,67.00266
961,35.8877
962,74.268906
963,74.84453
964,85.20128
965,35.199265
966,81.53607
967,46.807816
968,25.167007
969,78.2796
970,59.31219
971,25.171392
972,34.806416
973,81.45864
974,69.54977
975,68.03192
976,40.964878
977,40.18305
978,65.048775
979,81.25424
980,33.755726
981,68.52261
982,49.092873
983,54.87907
984,55.096508
985,22.929277
986,78.65082
987,80.16573
988,79.23985
989,74.263275
990,35.782024
991,51.232502
992,45.387463
993,23.488201
994,45.547657
995,55.943554
996,49.29648
997,79.8818
998,72.80156
999,75.682846
1000,30.471504
1001,85.73694
1002,81.01246
1003,78.628334
1004,61.715065
1005,86.66891
1006,34.072
1007,24.605518
1008,86.37431
1009,30.014517
1010,74.19068
1011,41.34669
1012,78.71992
1013,56.521904
1014,63.53449
1015,85.606804
1016,78.95331
1017,49.938572
1018,47.31928
1019,60.542973
1020,49.028797
1021,46.115673
1022,75.89662
1023,74.179405
1024,60.614033
1025,83.38843
1026,87.33315
1027,26.020216
1028,45.626034
1029,48.795834
1030,77.33199
1031,61.868755
1032,35.442238
1033,21.312176
1034,30.832563
1035,69.918945
1036,75.216125
1037,29.394232
1038,43.520412
1039,60.187176
1040,53.36562
1041,23.609297
1042,49.907795
1043,39.587154
1044,50.637157
1045,36.380535
1046,79.15317
1047,65.59206
1048,71.06248
1049,34.095264
1050,72.64528
1051,72.95779
1052,63.78337
1053,25.297174
1054,41.467175
1055,41.915886
1056,24.479605
1057,71.10823
1058,63.50571
1059,49.451557
1060,26.46844
1061,75.363846
1062,56.614193
1063,35.97158
1064,33.142155
1065,47.680244
1066,30.923912
1067,82.14321
1068,75.3777
1069,25.299606
1070,56.17445
1071,82.89162
1072,35.67138
1073,80.69138
1074,47.659817
1075,38.498188
1076,75.17033
1077,45.494293
1078,47.726994
1079,28.047031
1080,73.60764
1081,48.33791
1082,61.13949
1083,43.47524
1084,25.500742
1085,32.659214
1086,36.83045
1087,33.39492
1088,47.109684
1089,45.98362
1090,85.70971
1091,58.413982
1092,80.508766
1093,79.04372
1094,63.43358
1095,29.76163
1096,70.1898
1097,31.928267
1098,73.12502
1099,47.569923
1100,41.390408
1101,26.450811
1102,36.991486
1103,50.91917
1104,42.001762
1105,39.247704
1106,21.166498
1107,53.361885
1108,38.85991
1109,26.22111
1110,76.47151
1111,62.148186
1112,76.952965
1113,57.282085
1114,52.044403
1115,50.99896
1116,53.034225
1117,31.896765
1118,20.732262
1119,76.76337
1120,53.013634
1121,61.27367
1122,38.90292
1123,32.706753
1124,80.618385
1125,66.95133
1126,79.755745
1127,40.716568
1128,45.336624
1129,42.136055
1130,26.826603
1131,38.62288
1132,79.76857
1133,28.682964
1134,61.473495
1135,77.66306
1136,64.39489
1137,27.995153
1138,63.734474
1139,32.316723
1140,82.408554
1141,23.60243
1142,34.123207
1143,63.64653
1144,43.864822
1145,31.3883
1146,22.983452
1147,29.975052
1148,58.458626
1149,82.52686
1150,32.998665
1151,86.76798
1152,62.783176
1153,54.429043
1154,25.887806
1155,74.816216
1156,69.18474
1157,82.40087
1158,79.538246
1159,40.66593
1160,84.12836
1161,45.351048
1162,41.607525
1163,85.77277
1164,39.046124
1165,55.425068
1166,81.769035
1167,83.491104
1168,33.685173
1169,58.568584
1170,32.28911
1171,71.78215
1172,54.228157
1173,65.14691
1174,45.126183
1175,46.43802
1176,57.805817
1177,55.11334
1178,64.93178
1179,33.646442
1180,86.021805
1181,34.481308
1182,42.587616
1183,83.98973
1184,30.569492
1185,79.2303
1186,53.841618
1187,22.677317
1188,23.350195
1189,81.18617
1190,50.329124
1191,34.210766
1192,42.55065
1193,46.42694
1194,42.439877
1195,72.908165
1196,79.091675
1197,43.63908
1198,24.24699
1199,53.787697
1200,28.825855
1201,20.501127
1202,36.435223
1203,51.259983
1204,66.405594
1205,72.140144
1206,73.31978
1207,61.51151
1208,33.006466
1209,43.24946
1210,79.51367
1211,83.26187
1212,84.54366
1213,72.56077
1214,74.967834
1215,23.365305
1216,58.6064
1217,69.060905
1218,64.43465
1219,63.203568
1220,70.6073
1221,84.84697
1222,22.715195
1223,26.800117
1224,62.955463
1225,74.97352
1226,32.53375
1227,65.42143
1228,69.804886
1229,37.088036
1230,77.63831
1231,41.67653
1232,56.718487
1233,21.53325
1234,86.039444
1235,72.82905
1236,86.80874
1237,28.628855
1238,36.911034
1239,35.091175
1240,50.667645
1241,37.73849
1242,44.094723
1243,39.129
1244,45.058105
1245,59.56943
1246,35.355556
1247,47.8067
1248,70.93239
1249,77.25235
1250,69.68249
1251,56.298565
1252,33.16752
1253,43.24214
1254,82.84023
1255,85.255905
1256,26.826399
1257,56.322544
1258,84.05797
1259,38.701378
1260,27.902843
1261,39.19876
1262,43.878372
1263,44.320374
1264,69.374954
1265,38.53717
1266,54.93648
1267,67.22551
1268,26.88638
1269,50.39527
1270,50.48124
1271,54.160507
1272,83.174675
1273,40.67722
1274,84.60326
1275,62.173634
1276,29.223787
1277,29.18703
1278,34.938892
1279,83.140465
1280,42.760643
1281,44.276794
1282,68.9918
1283,70.322624
1284,43.002407
1285,61.12476
1286,41.48136
1287,23.746128
1288,69.79163
1289,37.46817
1290,44.997025
1291,69.69172
1292,30.682844
1293,74.629
1294,76.51722
1295,62.742413
1296,81.84441
1297,82.71696
1298,80.918465
1299,69.47637
1300,84.448715
1301,63.31655
1302,65.54678
1303,27.04085
1304,42.617382
1305,54.34699
1306,44.67794
1307,28.727434
1308,69.16479
1309,22.348213
1310,43.501198
1311,82.41322
1312,83.95955
1313,69.632805
1314,79.94139
1315,55.253113
1316,45.659164
1317,37.203804
1318,75.106415
1319,36.528427
1320,30.264662
1321,79.46861
1322,39.58337
1323,79.21223
1324,47.055565
1325,65.93641
1326,23.32761
1327,20.442358
1328,21.860851
1329,64.755455
1330,49.987045
1331,63.86229
1332,25.204775
1333,87.25547
1334,36.256996
1335,53.994877
1336,25.672497
1337,22.52785
1338,69.40595
1339,41.509018
1340,51.67373
1341,24.479345
1342,40.897102
1343,75.11892
1344,39.962826
1345,22.54091
1346,53.504704
1347,28.621609
1348,23.23699
1349,69.902855
1350,30.674341
1351,49.95482
1352,21.835455
1353,24.292337
1354,51.20312
1355,72.20226
1356,47.694572
1357,21.153193
1358,55.207726
1359,72.800125
1360,68.42181
1361,54.116398
1362,76.416595
1363,54.989906
1364,76.7431
1365,84.74969
1366,35.626507
1367,55.815308
1368,84.58298
1369,51.11634
1370,46.902603
1371,77.50446
1372,59.5904
1373,23.855757
1374,46.402462
1375,51.615093
1376,82.476814
1377,34.164585
1378,67.310234
1379,44.373245
1380,54.397404
1381,21.781416
1382,51.404938
1383,35.906803
1384,72.22568
1385,84.509605
1386,60.009247
1387,47.540176
1388,41.839195
1389,62.28193
1390,20.494833
1391,25.794935
1392,64.61609
1393,72.52347
1394,24.271742
1395,56.94111
1396,75.06989
1397,86.90943
1398,36.388893
1399,70.91394
1400,34.041058
1401,62.216965
1402,24.590607
1403,41.902996
1404,71.41354
1405,64.91458
1406,44.959282
1407,51.85921
1408,23.467583
1409,28.951437
1410,30.417444
1411,53.231472
1412,36.931927
1413,50.754898
1414,78.05527
1415,63.572174
1416,75.6791
1417,63.984795
1418,50.4157
1419,63.653637
1420,83.28294
1421,26.18403
1422,34.65073
1423,57.111137
1424,29.6634
1425,74.80916
1426,69.91886
1427,50.02187
1428,29.380117
1429,35.91007
1430,53.38659
1431,27.119001
1432,69.42173
1433,20.251053
1434,28.953583
1435,75.80226
1436,61.52203
1437,28.351858
1438,58.289116
1439,42.38118
1440,28.95787
1441,45.21534
1442,35.815914
1443,58.80137
1444,46.162704
1445,56.57145
1446,22.32452
1447,57.886505
1448,84.35576
1449,36.013153
1450,82.95092
1451,75.02214
1452,53.834167
1453,61.740715
1454,46.594128
1455,77.19989
1456,21.832567
1457,70.454506
1458,77.84205
1459,71.71912
1460,62.45481
1461,23.805843
1462,41.384834
1463,37.486732
1464,29.263838
1465,25.256496
1466,33.650845
1467,60.141624
1468,72.13919
1469,68.597855
1470,40.263805
1471,27.811462
1472,82.54445
1473,34.33057
1474,68.46361
1475,59.958183
1476,73.631836
1477,63.24295
1478,48.81365
1479,75.33228
1480,73.65192
1481,86.248024
1482,78.713974
1483,80.38797
1484,75.32471
1485,32.517246
1486,48.074715
1487,40.83052
1488,82.506195
1489,74.44992
1490,78.710976
1491,45.926876
1492,55.022156
1493,34.120113
1494,45.981533
1495,63.367035
1496,73.909706
1497,68.27203
1498,73.9572
1499,73.899574
1500,80.10023
1501,23.76752
1502,49.08933
1503,29.476555
1504,21.24083
1505,78.520874
1506,49.266827
1507,53.39095
1508,27.067358
1509,36.652332
1510,50.766422
1511,83.27079
1512,75.00954
1513,78.942764
1514,44.69486
1515,73.31752
1516,57.765686
1517,60.58924
1518,30.328115
1519,50.997406
1520,79.22151
1521,52.807796
1522,48.523697
1523,55.208652
1524,78.01535
1525,42.602615
1526,26.708847
1527,49.79904
1528,26.98582
1529,39.37178
1530,73.38088
1531,75.17115
1532,63.75583
1533,56.78409
1534,79.03174
1535,46.770416
1536,41.486332
1537,50.114067
1538,50.69122
1539,84.36756
1540,72.0194
1541,50.70254
1542,80.09669
1543,19.90603
1544,27.674202
1545,80.185715
1546,69.780235
1547,82.11159
1548,63.18062
1549,52.640926
1550,20.448706
1551,42.458443
1552,45.61421
1553,80.3793
1554,57.768436
1555,32.923145
1556,81.56144
1557,49.88099
1558,71.202835
1559,58.149582
1560,43.068813
1561,87.40758
1562,77.68228
1563,82.05427
1564,70.17447
1565,38.39851
1566,78.90121
1567,64.29687
1568,41.822723
1569,25.241861
1570,76.42359
1571,60.36966
1572,82.274574
1573,55.801388
1574,81.66931
1575,34.746304
1576,47.336945
1577,47.311386
1578,81.44414
1579,63.559063
1580,82.19893
1581,32.507435
1582,44.59608
1583,67.73504
1584,58.85784
1585,55.640373
1586,79.30833
1587,67.245
1588,64.76119
1589,74.55642
1590,31.527264
1591,22.350769
1592,79.01491
1593,24.52779
1594,33.77641
1595,23.391586
1596,52.941017
1597,25.88475
1598,46.179718
1599,31.112436
1600,48.601727
1601,23.603594
1602,61.50391
1603,78.31671
1604,22.652145
1605,72.37423
1606,20.976582
1607,42.34995
1608,36.69335
1609,76.739265
1610,77.11679
1611,38.463
1612,35.49715
1613,66.96191
1614,44.92562
1615,19.460878
1616,27.535355
1617,88.27405
1618,72.16099
1619,23.727594
1620,79.33572
1621,51.754635
1622,77.52859
1623,86.27844
1624,32.879498
1625,45.439358
1626,65.872284
1627,61.712032
1628,70.081665
1629,33.594757
1630,36.258846
1631,75.95267
1632,28.396599
1633,41.551876
1634,44.096485
1635,22.835081
1636,77.88957
1637,23.339912
1638,68.92433
1639,28.917355
1640,57.588326
1641,29.296236
1642,78.001755
1643,83.853546
1644,55.976723
1645,60.980515
1646,34.23671
1647,21.43923
1648,60.440865
1649,31.955671
1650,22.995897
1651,35.958656
1652,20.714306
1653,39.977654
1654,21.895353
1655,24.901064
1656,25.74039
1657,53.60362
1658,25.5233
1659,35.38463
1660,73.69125
1661,83.19107
1662,57.37887
1663,29.852848
1664,80.742134
1665,21.288702
1666,43.62645
1667,51.450706
1668,75.22763
1669,74.430725
1670,68.62587
1671,29.39814
1672,49.529255
1673,78.48619
1674,59.500458
1675,46.73226
1676,45.119534
1677,59.16572
1678,30.421722
1679,76.48675
1680,38.73985
1681,82.33559
1682,82.267334
1683,43.446545
1684,48.794674
1685,34.806393
1686,77.63104
1687,35.83149
1688,34.328114
1689,78.637146
1690,76.96546
1691,56.86807
1692,47.262054
1693,22.872053
1694,27.08659
1695,81.115685
1696,21.163397
1697,28.706863
1698,73.37503
1699,29.712248
1700,19.988304
1701,74.466385
1702,60.902836
1703,25.997026
1704,52.6441
1705,56.43543
1706,77.766884
1707,66.235855
1708,41.808468
1709,56.228382
1710,57.874344
1711,62.749374
1712,79.30517
1713,36.90017
1714,81.58012
1715,83.16029
1716,28.51305
1717,86.01974
1718,22.448805
1719,67.80253
1720,77.41034
1721,63.026154
1722,38.41723
1723,78.425
1724,26.878733
1725,43.15414
1726,72.014275
1727,20.693558
1728,57.75846
1729,22.011942
1730,25.938526
1731,25.47418
1732,40.754353
1733,32.315685
1734,75.36169
1735,75.12604
1736,59.46758
1737,86.87677
1738,59.211445
1739,52.76096
1740,55.126934
1741,79.7947
1742,42.452602
1743,32.583633
1744,51.526833
1745,29.765568
1746,61.032135
1747,61.359116
1748,38.783398
1749,37.888397
1750,21.401445
1751,39.809574
1752,58.141624
1753,43.59754
1754,81.702385
1755,30.544603
1756,72.36527
1757,62.33564
1758,66.394714
1759,47.146313
1760,74.4674
1761,42.679867
1762,68.38971
1763,82.15191
1764,36.8215
1765,32.10048
1766,84.147995
1767,64.870415
1768,74.20684
1769,37.891453
1770,34.13093
1771,64.32446
1772,50.688362
1773,79.60196
1774,50.8904
1775,33.903233
1776,35.834686
1777,39.890965
1778,48.831238
1779,19.075329
1780,66.39817
1781,65.49919
1782,53.074165
1783,85.9631
1784,29.119812
1785,72.05304
1786,72.88363
1787,47.6305
1788,81.373505
1789,79.81057
1790,81.22972
1791,22.429232
1792,45.435337
1793,52.83538
1794,33.51332
1795,21.903091
1796,66.40646
1797,37.528637
1798,69.6149
1799,72.650536
1800,35.152184
1801,73.300735
1802,58.397808
1803,40.389282
1804,54.744015
1805,50.33636
1806,80.78581
1807,25.796154
1808,67.3369
1809,64.024414
1810,20.648952
1811,27.450691
1812,35.29086
1813,70.23395
1814,73.32221
1815,72.64266
1816,75.4109
1817,45.234802
1818,60.927887
1819,44.57396
1820,33.88656
1821,81.58657
1822,45.31929
1823,21.892492
1824,46.244102
1825,66.340904
1826,26.54053
1827,83.120605
1828,33.448643
1829,36.36034
1830,32.262283
1831,25.279106
1832,86.22624
1833,63.604866
1834,57.787296
1835,26.038675
1836,87.69415
1837,78.82608
1838,48.349804
1839,65.70429
1840,41.067844
1841,18.704351
1842,45.238384
1843,31.148115
1844,38.729366
1845,35.766907
1846,74.36638
1847,73.15968
1848,66.23602
1849,21.404018
1850,36.23742
1851,86.15508
1852,49.57229
1853,80.5016
1854,25.114794
1855,79.16034
1856,48.16483
1857,55.34155
1858,83.58015
1859,60.58565
1860,79.12332
1861,35.56349
1862,73.98267
1863,52.320354
1864,79.93047
1865,41.42031
1866,37.367237
1867,25.38709
1868,64.9229
1869,86.544266
1870,53.538498
1871,32.90317
1872,30.26062
1873,82.34305
1874,83.59218
1875,52.09082
1876,45.731445
1877,40.17122
1878,39.24366
1879,31.978273
1880,41.993294
1881,44.19198
1882,39.029602
1883,34.344654
1884,24.441244
1885,44.09107
1886,71.68327
1887,80.609505
1888,62.166294
1889,22.825905
1890,28.241385
1891,84.54696
1892,52.459236
1893,56.071766
1894,52.154427
1895,42.570362
1896,30.355955
1897,20.874704
1898,33.876945
1899,45.087643
1900,75.02077
1901,53.209534
1902,63.112373
1903,82.26976
1904,81.85955
1905,79.69374
1906,50.41247
1907,74.04794
1908,31.76311
1909,51.665554
1910,87.87824
1911,82.6906
1912,62.73453
1913,28.000948
1914,80.86726
1915,36.45701
1916,52.761024
1917,43.94648
1918,65.175865
1919,64.61741
1920,49.879433
1921,59.5189
1922,68.973976
1923,35.388985
1924,47.24837
1925,24.16062
1926,46.770466
1927,60.624393
1928,41.756622
1929,65.68576
1930,36.250977
1931,25.639893
1932,28.588854
1933,81.389084
1934,30.22805
1935,40.598934
1936,50.569912
1937,47.115486
1938,33.72423
1939,28.778973
1940,53.91077
1941,69.96977
1942,74.67458
1943,72.91787
1944,67.49942
1945,86.22727
1946,30.604185
1947,30.070057
1948,57.67514
1949,64.64599
1950,46.030075
1951,70.437416
1952,25.188267
1953,76.65116
1954,31.439411
1955,66.73034
1956,42.539433
1957,23.968937
1958,33.421562
1959,27.057966
1960,26.279037
1961,36.998356
1962,77.04025
1963,48.08373
1964,44.116802
1965,36.592438
1966,50.911808
1967,65.91275
1968,80.48229
1969,35.51004
1970,43.161865
1971,46.592197
1972,72.200775
1973,45.070763
1974,20.264233
1975,56.204548
1976,66.566284
1977,48.231586
1978,21.074787
1979,52.924915
1980,53.888138
1981,64.446724
1982,44.98729
1983,26.182886
1984,33.49872
1985,46.43577
1986,84.77047
1987,81.64413
1988,73.81279
1989,70.25896
1990,63.457928
1991,76.079056
1992,79.37711
1993,76.48679
1994,24.759804
1995,36.40255
1996,22.36031
1997,38.516342
1998,52.880035
1999,42.82135
2000,47.583065
2001,70.48769
2002,29.181595
2003,73.37688
2004,21.658482
2005,32.289543
2006,58.306118
2007,84.0177
2008,65.39196
2009,59.706345
2010,34.84219
2011,32.760128
2012,32.67064
2013,34.59766
2014,80.02147
2015,42.99464
2016,38.13763
2017,41.287373
2018,25.624475
2019,78.047745
2020,66.94138
2021,60.357044
2022,75.98119
2023,52.81896
2024,42.013042
2025,57.452614
2026,85.16307
2027,64.58169
2028,20.207127
2029,29.39428
2030,27.337624
2031,32.95056
2032,70.66759
2033,70.20645
2034,38.645187
2035,49.468117
2036,55.15668
2037,44.921
2038,31.763426
2039,60.514103
2040,86.54474
2041,39.026108
2042,88.662155
2043,85.14815
2044,77.22582
2045,74.83554
2046,24.61153
2047,46.876793
2048,74.36326
2049,28.352552
2050,22.208809
2051,76.43444
2052,84.55274
2053,22.604322
2054,77.664246
2055,80.119514
2056,29.244844
2057,64.792725
2058,25.020224
2059,21.274721
2060,24.671183
2061,61.69527
2062,53.410378
2063,61.6992
2064,49.500706
2065,27.903833
2066,84.71738
2067,36.75191
2068,60.76996
2069,85.23887
2070,36.15295
2071,67.29327
2072,44.080917
2073,60.341145
2074,57.49719
2075,74.65759
2076,41.73992
2077,26.254454
2078,42.835
2079,30.729939
2080,51.579544
2081,67.804054
2082,73.64175
2083,20.15314
2084,31.569513
2085,71.52057
2086,80.860695
2087,28.922283
2088,85.5692
2089,78.44129
2090,41.746193
2091,37.98249
2092,77.477
2093,58.752266
2094,41.66458
2095,84.71948
2096,77.071976
2097,26.706442
2098,37.829464
2099,63.996933
2100,69.23854
2101,86.132225
2102,80.83152
2103,87.08249
2104,80.93011
2105,76.16936
2106,52.284866
2107,41.02799
2108,54.366783
2109,41.027058
2110,66.60644
2111,54.80403
2112,36.175045
2113,41.245834
2114,73.696556
2115,23.14552
2116,43.415157
2117,84.560715
2118,32.815014
2119,25.55699
2120,56.379616
2121,26.329666
2122,76.36572
2123,47.315243
2124,85.31526
2125,53.755596
2126,50.853237
2127,47.990807
2128,76.77806
2129,71.44796
2130,37.23823
2131,60.782913
2132,45.456753
2133,38.629242
2134,27.998825
2135,74.50739
2136,61.880108
2137,49.486416
2138,68.33104
2139,51.534557
2140,28.165182
2141,81.90215
2142,58.253235
2143,64.63281
2144,20.989613
2145,69.63921
2146,87.44736
2147,43.78455
2148,66.46615
2149,50.116417
2150,35.553635
2151,36.379448
2152,70.30834
2153,24.110037
2154,38.267826
2155,26.18405
2156,60.73605
2157,88.8308
2158,59.822765
2159,60.24924
2160,83.622986
2161,43.27127
2162,82.8313
2163,67.37962
2164,51.517136
2165,22.824701
2166,59.811176
2167,40.422527
2168,40.93396
2169,20.145777
2170,53.875206
2171,49.83197
2172,25.567251
2173,86.78286
2174,60.57617
2175,28.018833
2176,65.44566
2177,32.226334
2178,60.06179
2179,40.78862
2180,47.248028
2181,77.34104
2182,32.589073
2183,37.072803
2184,49.45844
2185,47.21142
2186,30.636486
2187,39.495777
2188,40.16321
2189,32.407227
2190,25.002188
2191,84.48488
2192,49.603477
2193,64.4536
2194,66.979225
2195,76.822014
2196,72.77001
2197,48.67719
2198,69.774475
2199,58.670757
2200,31.60693
2201,25.414577
2202,58.479637
2203,80.976456
2204,60.122623
2205,52.08056
2206,78.54669
2207,58.59119
2208,34.23913
2209,43.54308
2210,21.517605
2211,26.6524
2212,34.85654
2213,63.07286
2214,76.99888
2215,68.48666
2216,51.227757
2217,40.653088
2218,64.44472
2219,55.30619
2220,22.794487
2221,35.247646
2222,46.502247
2223,30.279644
2224,21.873417
2225,72.18846
2226,23.987
2227,77.1257
2228,49.12311
2229,57.03015
2230,34.489216
2231,69.35871
2232,46.414574
2233,78.39102
2234,72.79544
2235,42.68618
2236,35.93038
2237,75.93481
2238,51.88332
2239,31.678055
2240,30.560644
2241,48.836895
2242,49.536972
2243,27.542809
2244,22.253735
2245,79.91626
2246,44.087425
2247,50.311104
2248,59.839443
2249,51.117893
2250,55.803566
2251,44.333656
2252,52.960815
2253,43.490246
2254,46.100353
2255,25.355103
2256,27.63441
2257,24.016657
2258,44.66462
2259,62.150017
2260,83.26333
2261,37.003464
2262,42.54979
2263,58.255592
2264,35.241646
2265,38.750015
2266,61.595646
2267,29.381662
2268,28.53043
2269,78.26156
2270,29.712711
2271,66.04511
2272,50.819572
2273,26.390226
2274,55.400578
2275,55.3096
2276,41.258667
2277,39.48252
2278,78.39464
2279,43.562634
2280,74.19511
2281,80.645744
2282,22.45071
2283,38.73366
2284,53.803463
2285,69.8792
2286,23.033628
2287,76.08671
2288,83.053185
2289,25.23341
2290,26.98095
2291,51.27989
2292,39.819164
2293,30.054127
2294,30.665152
2295,72.86116
2296,26.747715
2297,78.87017
2298,65.455
2299,24.128428
2300,58.15084
2301,20.906172
2302,78.408134
2303,38.578964
2304,76.14983
2305,38.764328
2306,75.23613
2307,44.422474
2308,48.77379
2309,48.891926
2310,21.49513
2311,49.872864
2312,35.915527
2313,71.56089
2314,71.181335
2315,84.692024
2316,75.01594
2317,79.501465
2318,46.690205
2319,58.15708
2320,75.56252
2321,83.90729
2322,28.654228
2323,48.44811
2324,40.64129
2325,24.74956
2326,20.402718
2327,67.61375
2328,44.001083
2329,50.43578
2330,47.682777
2331,37.546116
2332,38.71475
2333,27.432354
2334,67.43941
2335,30.036865
2336,51.688557
2337,51.98093
2338,47.617104
2339,33.88272
2340,32.212578
2341,79.4504
2342,22.747362
2343,79.297386
2344,76.4996
2345,73.82033
2346,81.578865
2347,80.80003
2348,59.391098
2349,41.916016
2350,33.095016
2351,89.160355
2352,38.82478
2353,37.72323
2354,39.659466
2355,61.60929
2356,35.160286
2357,57.819653
2358,83.93784
2359,50.995705
2360,58.852474
2361,71.04887
2362,43.54985
2363,83.301056
2364,29.615604
2365,85.183365
2366,77.126785
2367,71.0944
2368,72.83447
2369,25.099947
2370,53.755943
2371,68.40396
2372,45.14639
2373,73.84957
2374,28.885523
2375,28.695446
2376,22.362436
2377,84.912155
2378,36.791626
2379,39.559498
2380,33.798115
2381,40.143307
2382,32.767773
2383,33.051647
2384,52.61098
2385,42.295555
2386,41.742203
2387,69.05917
2388,80.47962
2389,87.257126
2390,74.3701
2391,85.323715
2392,70.81311
2393,34.317623
2394,72.6069
2395,73.9926
2396,48.61173
2397,49.943027
2398,69.39369
2399,22.511267
2400,32.970795
2401,61.0517
2402,87.19087
2403,79.73722
2404,69.82039
2405,70.841415
2406,72.70665
2407,68.778114
2408,45.915264
2409,59.121613
2410,50.320515
2411,26.599762
2412,44.871883
2413,73.62667
2414,38.7287
2415,64.814476
2416,23.323235
2417,72.99332
2418,56.83061
2419,39.472347
2420,79.72414
2421,22.561047
2422,85.87893
2423,78.30311
2424,78.98698
2425,84.241905
2426,29.8449
2427,62.585716
2428,78.85132
2429,55.89247
2430,31.715416
2431,28.811394
2432,68.9563
2433,61.8006
2434,82.26885
2435,51.75981
2436,64.4601
2437,32.088455
2438,77.28784
2439,27.914606
2440,35.407986
2441,55.73274
2442,52.262917
2443,71.609375
2444,47.98409
2445,74.26805
2446,43.833755
2447,54.045074
2448,46.557278
2449,83.2184
2450,39.589558
2451,77.18549
2452,61.089447
2453,31.48297
2454,63.145374
2455,71.98762
2456,20.283007
2457,48.010605
2458,75.657425
2459,58.288383
2460,43.205284
2461,25.606358
2462,25.712324
2463,54.460793
2464,72.98223
2465,75.78348
2466,28.90795
2467,28.220543
2468,28.850775
2469,77.861916
2470,32.71771
2471,70.28437
2472,65.34417
2473,21.457306
2474,21.993362
2475,81.80436
2476,46.907837
2477,76.00996
2478,44.69897
2479,87.9164
2480,59.103878
2481,53.740437
2482,34.15429
2483,81.13068
2484,65.64592
2485,23.756657
2486,72.07024
2487,20.954012
2488,22.837616
2489,79.241974
2490,36.143414
2491,29.095785
2492,19.70422
2493,38.234447
2494,43.3312
2495,57.085197
2496,72.937454
2497,71.98407
2498,52.575928
2499,56.174004
2500,59.757275
2501,43.360085
2502,27.077179
2503,21.945751
2504,29.531546
2505,49.73798
2506,35.815483
2507,82.875786
2508,71.53529
2509,42.479584
2510,83.90592
2511,36.25017
2512,38.08692
2513,36.921715
2514,73.54536
2515,45.915665
2516,83.67586
2517,20.496487
2518,27.73384
2519,88.45851
2520,64.972626
2521,33.511192
2522,55.295372
2523,31.79161
2524,44.848904
2525,52.913303
2526,65.456314
2527,47.59023
2528,78.65161
2529,78.87766
2530,29.795685
2531,51.024364
2532,87.95974
2533,77.885124
2534,75.75233
2535,56.538704
2536,79.51078
2537,47.411644
2538,60.88976
2539,24.22949
2540,30.458862
2541,74.422646
2542,31.322502
2543,46.663563
2544,46.59347
2545,70.64027
2546,78.03182
2547,40.895214
2548,39.67032
2549,54.075397
2550,49.455765
2551,71.04348
2552,65.535736
2553,38.387222
2554,50.536667
2555,21.95407
2556,66.72483
2557,28.516989
2558,70.73918
2559,50.10876
2560,33.714153
2561,74.17832
2562,54.293602
2563,33.999756
2564,83.85678
2565,25.778278
2566,37.606403
2567,54.244762
2568,43.25306
2569,45.96694
2570,63.472023
2571,50.57137
2572,45.847256
2573,39.8167
2574,79.260956
2575,64.4865
2576,71.79009
2577,67.72067
2578,57.21352
2579,61.152138
2580,50.66592
2581,61.59802
2582,49.304745
2583,72.44474
2584,22.60556
2585,26.6804
2586,80.2443
2587,58.083134
2588,30.19447
2589,41.895245
2590,54.120537
2591,82.56552
2592,59.402122
2593,43.506374
2594,49.992386
2595,55.577286
2596,78.6011
2597,78.18787
2598,51.49032
2599,42.25342
2600,70.73648
2601,24.662657
2602,80.68661
2603,25.84779
2604,49.203316
2605,77.12456
2606,31.398386
2607,59.294434
2608,42.52328
2609,54.667194
2610,86.285355
2611,87.10385
2612,74.56616
2613,40.339596
2614,74.80321
2615,34.12618
2616,83.76719
2617,23.689766
2618,78.58422
2619,19.300247
2620,36.74221
2621,61.551655
2622,22.136694
2623,50.432236
2624,34.2862
2625,23.639896
2626,78.31475
2627,79.759384
2628,63.403408
2629,56.254044
2630,51.519875
2631,27.264801
2632,78.177185
2633,56.88091
2634,31.865805
2635,28.606012
2636,41.483353
2637,22.925083
2638,68.670494
2639,27.140995
2640,39.6911
2641,67.85917
2642,76.80396
2643,81.14611
2644,21.101246
2645,75.01164
2646,75.92476
2647,86.736664
2648,48.559586
2649,21.811192
2650,55.294125
2651,55.98441
2652,50.01119
2653,81.68195
2654,51.47414
2655,82.956
2656,75.46997
2657,38.301865
2658,42.27631
2659,33.395885
2660,28.36663
2661,23.649052
2662,53.721294
2663,81.18726
2664,33.42706
2665,51.08414
2666,78.04596
2667,82.49766
2668,38.18598
2669,78.28399
2670,27.473768
2671,44.79524
2672,65.47355
2673,52.342194
2674,48.35266
2675,82.370895
2676,51.39731
2677,54.647266
2678,46.615982
2679,76.415955
2680,47.897106
2681,35.229336
2682,59.519543
2683,58.04571
2684,31.772202
2685,24.077835
2686,34.294617
2687,63.402763
2688,27.801434
2689,29.446836
2690,60.272133
2691,58.72672
2692,61.77801
2693,31.955524
2694,79.12021
2695,36.54081
2696,51.28733
2697,60.656193
2698,82.29712
2699,53.710957
2700,61.859478
2701,48.98335
2702,36.59769
2703,80.70224
2704,74.99946
2705,40.26234
2706,26.994507
2707,39.004105
2708,21.486492
2709,62.169456
2710,41.90329
2711,62.751057
2712,60.689583
2713,62.42238
2714,41.472717
2715,62.041862
2716,35.98708
2717,41.29536
2718,21.259417
2719,25.404814
2720,49.43301
2721,55.952614
2722,80.40844
2723,33.858063
2724,26.863407
2725,55.76482
2726,79.00207
2727,79.602394
2728,24.40824
2729,63.422413
2730,32.757065
2731,84.2791
2732,21.230085
2733,80.75645
2734,32.807137
2735,50.7377
2736,83.71095
2737,44.823044
2738,76.14068
2739,50.638763
2740,83.40656
2741,70.75884
2742,23.604465
2743,22.671982
2744,53.826797
2745,52.012394
2746,21.1269
2747,82.198975
2748,81.71343
2749,49.067688
2750,23.449913
2751,75.015656
2752,64.74832
2753,20.647373
2754,31.042025
2755,41.382195
2756,22.89076
2757,42.515526
2758,81.28767
2759,24.609259
2760,52.70849
2761,73.27744
2762,51.76298
2763,61.938034
2764,78.914
2765,21.717358
2766,38.422604
2767,86.31087
2768,54.239487
2769,67.33781
2770,63.681812
2771,22.275656
2772,74.47914
2773,77.622154
2774,76.13277
2775,55.514362
2776,52.03759
2777,85.68507
2778,65.65151
2779,43.033867
2780,79.41992
2781,70.012985
2782,45.02829
2783,79.73572
2784,82.14506
2785,83.33722
2786,49.778034
2787,55.972702
2788,78.537636
2789,45.575706
2790,42.338196
2791,54.168846
2792,23.326885
2793,56.26769
2794,33.9538
2795,79.35776
2796,53.761295
2797,36.16764
2798,45.23691
2799,39.593803
2800,84.70531
2801,38.62824
2802,20.198215
2803,24.654303
2804,53.922146
2805,47.75126
2806,35.31344
2807,31.62515
2808,72.03181
2809,78.95252
2810,27.971115
2811,31.052694
2812,66.74649
2813,53.48682
2814,24.79061
2815,59.151993
2816,37.45158
2817,78.77692
2818,21.251392
2819,54.39058
2820,87.85309
2821,78.44458
2822,66.97959
2823,38.679607
2824,22.199867
2825,43.425026
2826,57.350304
2827,26.597633
2828,57.96392
2829,35.655087
2830,31.29382
2831,25.580675
2832,69.93764
2833,49.42905
2834,67.65162
2835,54.09698
2836,77.89419
2837,58.427017
2838,83.558914
2839,52.77203
2840,42.65156
2841,36.246014
2842,75.761086
2843,29.488749
2844,81.9371
2845,22.190872
2846,31.96789
2847,40.488384
2848,64.059685
2849,32.1129
2850,38.418484
2851,35.24014
2852,47.009277
2853,68.39549
2854,42.48227
2855,72.040405
2856,22.27587
2857,28.59716
2858,78.31529
2859,24.348295
2860,50.277214
2861,77.72322
2862,60.554676
2863,85.110374
2864,56.627583
2865,79.52277
2866,62.41691
2867,62.27259
2868,37.67025
2869,57.355034
2870,42.38138
2871,75.40039
2872,77.09017
2873,42.95673
2874,37.73105
2875,54.931965
2876,79.71414
2877,37.082672
2878,74.565414
2879,51.681507
2880,35.441494
2881,75.743225
2882,43.208477
2883,30.219702
2884,27.619497
2885,58.21667
2886,81.603294
2887,58.58688
2888,33.130253
2889,21.822289
2890,23.13721
2891,59.42627
2892,65.93751
2893,52.656
2894,21.291296
2895,81.04379
2896,80.95096
2897,44.120075
2898,41.44143
2899,26.786283
2900,63.750763
2901,43.447193
2902,21.836231
2903,73.696594
2904,66.75328
2905,37.045303
2906,69.63635
2907,47.264034
2908,82.156845
2909,50.91084
2910,27.457611
2911,22.318066
2912,64.62373
2913,49.196175
2914,87.887085
2915,46.6486
2916,65.829735
2917,67.65886
2918,62.65096
2919,76.85696
2920,64.19721
2921,24.767836
2922,80.63792
2923,24.265434
2924,22.343538
2925,71.73753
2926,33.08985
2927,53.25293
2928,77.48363
2929,50.64304
2930,80.92867
2931,81.55335
2932,53.712257
2933,35.14068
2934,23.507877
2935,25.900377
2936,43.203014
2937,43.44413
2938,20.431667
2939,70.71232
2940,74.29229
2941,22.234423
2942,28.279116
2943,43.6892
2944,25.675135
2945,44.85833
2946,47.17323
2947,80.78704
2948,54.02028
2949,80.11239
2950,35.354893
2951,81.68803
2952,82.33057
2953,46.354824
2954,66.04426
2955,59.364548
2956,31.87999
2957,72.219406
2958,81.964195
2959,28.865414
2960,71.47828
2961,37.686943
2962,50.73625
2963,42.419407
2964,49.150528
2965,78.46418
2966,53.49507
2967,73.22729
2968,43.92312
2969,60.537464
2970,84.810486
2971,23.577608
2972,79.095116
2973,49.882362
2974,55.872414
2975,25.855513
2976,55.500965
2977,80.773895
2978,61.681602
2979,42.681675
2980,61.850883
2981,31.390413
2982,84.02302
2983,55.555267
2984,32.307995
2985,83.00952
2986,79.01982
2987,57.043915
2988,46.68571
2989,33.806805
2990,81.59239
2991,30.345667
2992,49.956924
2993,59.834915
2994,77.17841
2995,24.048704
2996,20.382032
2997,80.973946
2998,34.309944
2999,59.358448
